systems.comodal.jsoniter.DoubleParser,computeDouble,181,ConditionalsBoundaryMutator,SURVIVED
systems.comodal.jsoniter.DoubleParser,computeDouble,181,RemoveConditionalMutator_ORDER_ELSE,SURVIVED
systems.comodal.jsoniter.DoubleParser,computeDouble,184,ConditionalsBoundaryMutator,SURVIVED
systems.comodal.jsoniter.DoubleParser,computeDouble,207,RemoveConditionalMutator_EQUAL_IF,SURVIVED
systems.comodal.jsoniter.DoubleParser,computeDouble,224,ConditionalsBoundaryMutator,SURVIVED
systems.comodal.jsoniter.DoubleParser,computeDouble,239,RemoveConditionalMutator_ORDER_IF,SURVIVED
systems.comodal.jsoniter.DoubleParser,computeDouble,240,ConditionalsBoundaryMutator,SURVIVED
systems.comodal.jsoniter.DoubleParser,computeFloat,273,ConditionalsBoundaryMutator,SURVIVED
systems.comodal.jsoniter.DoubleParser,computeFloat,273,RemoveConditionalMutator_ORDER_ELSE,SURVIVED
systems.comodal.jsoniter.DoubleParser,computeFloat,275,ConditionalsBoundaryMutator,SURVIVED
systems.comodal.jsoniter.DoubleParser,computeFloat,283,ConditionalsBoundaryMutator,SURVIVED
systems.comodal.jsoniter.DoubleParser,computeFloat,295,RemoveConditionalMutator_EQUAL_IF,SURVIVED
systems.comodal.jsoniter.DoubleParser,computeFloat,308,ConditionalsBoundaryMutator,SURVIVED
systems.comodal.jsoniter.DoubleParser,computeFloat,319,ConditionalsBoundaryMutator,SURVIVED
systems.comodal.jsoniter.DoubleParser,computeFloat,319,RemoveConditionalMutator_ORDER_IF,SURVIVED
systems.comodal.jsoniter.DoubleParser,computeFloat,320,ConditionalsBoundaryMutator,SURVIVED
systems.comodal.jsoniter.DoubleParser,parse,100,RemoveConditionalMutator_EQUAL_ELSE,SURVIVED
systems.comodal.jsoniter.DoubleParser,parse,101,RemoveConditionalMutator_EQUAL_ELSE,SURVIVED
systems.comodal.jsoniter.DoubleParser,parse,104,ConditionalsBoundaryMutator,SURVIVED
systems.comodal.jsoniter.DoubleParser,parse,104,RemoveConditionalMutator_ORDER_ELSE,SURVIVED
systems.comodal.jsoniter.DoubleParser,parse,104,RemoveConditionalMutator_ORDER_IF,SURVIVED
systems.comodal.jsoniter.DoubleParser,parse,105,PrimitiveReturnsMutator,NO_COVERAGE
systems.comodal.jsoniter.DoubleParser,parse,108,ConditionalsBoundaryMutator,SURVIVED
systems.comodal.jsoniter.DoubleParser,parse,108,RemoveConditionalMutator_ORDER_ELSE,SURVIVED
systems.comodal.jsoniter.DoubleParser,parse,108,RemoveConditionalMutator_ORDER_IF,SURVIVED
systems.comodal.jsoniter.DoubleParser,parse,116,RemoveConditionalMutator_EQUAL_IF,SURVIVED
systems.comodal.jsoniter.DoubleParser,parse,120,ConditionalsBoundaryMutator,SURVIVED
systems.comodal.jsoniter.DoubleParser,parse,120,RemoveConditionalMutator_ORDER_ELSE,SURVIVED
systems.comodal.jsoniter.DoubleParser,parse,120,RemoveConditionalMutator_ORDER_IF,SURVIVED
systems.comodal.jsoniter.DoubleParser,parse,121,MathMutator,SURVIVED
systems.comodal.jsoniter.DoubleParser,parse,123,RemoveConditionalMutator_EQUAL_ELSE,SURVIVED
systems.comodal.jsoniter.DoubleParser,parse,123,RemoveConditionalMutator_ORDER_ELSE,SURVIVED
systems.comodal.jsoniter.DoubleParser,parse,124,IncrementsMutator,SURVIVED
systems.comodal.jsoniter.DoubleParser,parse,126,ConditionalsBoundaryMutator,SURVIVED
systems.comodal.jsoniter.DoubleParser,parse,126,RemoveConditionalMutator_ORDER_ELSE,SURVIVED
systems.comodal.jsoniter.DoubleParser,parse,134,RemoveConditionalMutator_EQUAL_ELSE,SURVIVED
systems.comodal.jsoniter.DoubleParser,parse,134,RemoveConditionalMutator_EQUAL_IF,SURVIVED
systems.comodal.jsoniter.DoubleParser,parse,134,RemoveConditionalMutator_ORDER_ELSE,SURVIVED
systems.comodal.jsoniter.DoubleParser,parse,135,IncrementsMutator,SURVIVED
systems.comodal.jsoniter.DoubleParser,parse,135,RemoveConditionalMutator_EQUAL_ELSE,SURVIVED
systems.comodal.jsoniter.DoubleParser,parse,135,RemoveConditionalMutator_EQUAL_IF,SURVIVED
systems.comodal.jsoniter.DoubleParser,parse,136,PrimitiveReturnsMutator,NO_COVERAGE
systems.comodal.jsoniter.DoubleParser,parse,139,RemoveConditionalMutator_EQUAL_ELSE,SURVIVED
systems.comodal.jsoniter.DoubleParser,parse,140,RemoveConditionalMutator_EQUAL_ELSE,SURVIVED
systems.comodal.jsoniter.DoubleParser,parse,140,RemoveConditionalMutator_EQUAL_IF,SURVIVED
systems.comodal.jsoniter.DoubleParser,parse,141,IncrementsMutator,SURVIVED
systems.comodal.jsoniter.DoubleParser,parse,141,RemoveConditionalMutator_EQUAL_ELSE,SURVIVED
systems.comodal.jsoniter.DoubleParser,parse,141,RemoveConditionalMutator_EQUAL_IF,SURVIVED
systems.comodal.jsoniter.DoubleParser,parse,142,PrimitiveReturnsMutator,NO_COVERAGE
systems.comodal.jsoniter.DoubleParser,parse,146,ConditionalsBoundaryMutator,SURVIVED
systems.comodal.jsoniter.DoubleParser,parse,146,RemoveConditionalMutator_ORDER_ELSE,SURVIVED
systems.comodal.jsoniter.DoubleParser,parse,146,RemoveConditionalMutator_ORDER_IF,SURVIVED
systems.comodal.jsoniter.DoubleParser,parse,147,PrimitiveReturnsMutator,NO_COVERAGE
systems.comodal.jsoniter.DoubleParser,parse,151,ConditionalsBoundaryMutator,SURVIVED
systems.comodal.jsoniter.DoubleParser,parse,154,IncrementsMutator,SURVIVED
systems.comodal.jsoniter.DoubleParser,parse,154,RemoveConditionalMutator_EQUAL_IF,SURVIVED
systems.comodal.jsoniter.DoubleParser,parse,158,ConditionalsBoundaryMutator,SURVIVED
systems.comodal.jsoniter.DoubleParser,parse,158,RemoveConditionalMutator_ORDER_ELSE,SURVIVED
systems.comodal.jsoniter.DoubleParser,parse,158,RemoveConditionalMutator_ORDER_IF,SURVIVED
systems.comodal.jsoniter.DoubleParser,parse,161,RemoveConditionalMutator_EQUAL_IF,SURVIVED
systems.comodal.jsoniter.DoubleParser,parse,165,ConditionalsBoundaryMutator,SURVIVED
systems.comodal.jsoniter.DoubleParser,parse,165,RemoveConditionalMutator_ORDER_IF,SURVIVED
